Pair Token,Unit Purchased,Price You Purchased,1 SOL Price At Time Of Purchase,Spent On Transaction
SOL/711,4.95,30996750.214398,138.46201970387298,685.3869975341713
711/SOL,30996750.214398,2.184502606,138.46201970387298,302.4706428751339
SOL/STD,2.97,4696586.736603,138.46201970387298,411.2321985205028
STD/SOL,4696586.736603,0.649093167,138.46201970387298,89.87475087880331
SOL/BROOK,2.97,4547860.710237,138.46201970387298,411.2321985205028
BROOK/SOL,4547860.710237,3.293064718,138.46201970387298,455.9643918698449
SOL/sad,4.95,1347699.289988,138.46201970387298,685.3869975341713
sad/SOL,1347699.289988,5.011394735,138.46201970387298,693.8878365414553
SOL/MIA,4.95,1094038.206076,138.46201970387298,685.3869975341713
SOL/MIA,4.95,8997860.626098,138.46201970387298,685.3869975341713
MIA/SOL,1094038.206076,5.10634244,138.46201970387298,707.0344875420028
MIA/SOL,1740281.767665,1.384807188,138.46201970387298,191.74320015092093
MIA/SOL,1740281.767664,2.405918808,138.46201970387298,333.1283773992146
MIA/SOL,509863.143439,0.970509502,138.46201970387298,134.37870578871994
MIA/SOL,443380.742085,0.773254664,138.46201970387298,107.06640252287968
MIA/SOL,492645.268983,0.791193152,138.46201970387298,109.55020180179336
MIA/SOL,547383.632203,0.887194989,138.46201970387298,122.84281004809539
MIA/SOL,608204.035782,1.015554946,138.46201970387298,140.61578894341767
MIA/SOL,675782.26198,1.033736917,138.46201970387298,143.1333013702749
MIA/SOL,2240038.006297,3.735619589,138.46201970387298,517.2414331382919
MIA/SOL,10014845.727798,3.596569591,138.46201970387298,497.9882895753924
SOL/NFT,1.98,8921418.337349,138.46201970387298,274.1547990136685
NFT/SOL,8921418.337349,1.234400411,138.46201970387298,170.9175740303509
SOL/CTO,4.95,3549956.014758,138.46201970387298,685.3869975341713
CTO/SOL,3549956.014758,3.135914522,138.46201970387298,434.2050583348255
SOL/FBGM,2.97,4416978.976603,138.46201970387298,411.2321985205028
FBGM/SOL,4416978.976603,3.221367476,138.46201970387298,446.0370469353276
SOL/cap,2.97,7463276.619187,138.46201970387298,411.2321985205028
cap/SOL,10119772.257139,2.688965406,138.46201970387298,372.3195810286048
SOL/LEV,2.97,9055406.88021,138.46201970387298,411.2321985205028
LEV/SOL,4527703.440105,2.424180433,138.46201970387298,335.6569188797894
LEV/SOL,4527703.440105,2.645072062,138.46201970387298,366.24201996680796
SOL/more,2.97,9551678.167466,138.46201970387298,411.2321985205028
SOL/more,1.98,4808864.513889,138.46201970387298,274.1547990136685
SOL/more,1.98,3884288.223097,138.46201970387298,274.1547990136685
more/SOL,9551678.167466,2.234004765,138.46201970387298,309.32481178997614
more/SOL,8693152.736986,1.353727616,138.46201970387298,187.439859840269
ZESTY/SOL,4802887.399804,0.979376911,138.46201970387298,135.60650514840026
ZESTY/SOL,4802887.399803,1.979746953,138.46201970387298,274.1197616149685
SOL/PEPE,4.95,649914.322808,138.1278971256885,683.7330907721581
PEPE/SOL,7652698.014229,2.934316654,138.46201970387298,406.2914103635506
PEPE/SOL,7652698.014228,3.146182657,138.46201970387298,435.6268050455175
PEPE/SOL,5712720.605373,3.847258589,138.46201970387298,532.6991945560126
PEPE/SOL,649914.322808,4.653968301,138.1007071573741,642.7163134561029
SOL/SIMP,4.95,7284545.96397,138.46201970387298,685.3869975341713
SOL/SIMP,4.95,8891586.040659,138.46201970387298,685.3869975341713
SIMP/SOL,7284545.96397,6.069222409,138.46201970387298,840.3567927821455
SIMP/SOL,8891586.040659,5.509166219,138.46201970387298,762.8102815670894
SOL/FTW,1.98,7110125.288774,138.46201970387298,274.1547990136685
FTW/SOL,7110125.288774,1.485871631,138.46201970387298,205.7367870489479
SOL/CODE,4.95,5100664.42804,138.46201970387298,685.3869975341713
CODE/SOL,5100664.42804,3.079303201,138.46201970387298,426.3665404910612
SOL/4k,1.98,4984720.064966,138.46201970387298,274.1547990136685
4k/SOL,4984720.064966,2.251468906,138.46201970387298,311.7429320252293
SOL/BAM,1.98,6140325.605204,138.46201970387298,274.1547990136685
BAM/SOL,6140325.605204,2.427065268,138.46201970387298,336.0563589604018
SOL/VPTRUMP,1.98,8097673.007389,138.46201970387298,274.1547990136685
SOL/VPTRUMP,1.98,12405620.01034,138.46201970387298,274.1547990136685
SOL/VPTRUMP,1.98,10021035.873941,138.46201970387298,274.1547990136685
VPTRUMP/SOL,8097673.007389,2.468960624,138.46201970387298,341.8572745683746
VPTRUMP/SOL,12405620.01034,2.230675313,138.46201970387298,308.86380914154904
VPTRUMP/SOL,10021035.873941,2.517660325,138.46201970387298,348.60033352780925
SOL/HODL,4.95,1481954.806513,138.46201970387298,685.3869975341713
HODL/SOL,1481954.806513,6.336471173,138.46201970387298,877.360596408949
POV/SOL,1088932.584528,1.48504639,140.9288947088847,209.28594633411933
POV/SOL,1088932.584528,1.600406203,140.64251106268227,225.08514711021283
POV/SOL,2177865.169056,2.777969781,140.68405252179576,390.81604657416545
POV/SOL,483970.037568,0.997755831,140.68496892275513,140.36924807673273
POV/SOL,537744.486186,0.888098108,140.46328896008472,124.74518116890853
POV/SOL,1880034.179717,1.976657048,140.26629166645975,277.25835401933136
POV/SOL,7257479.041583,4.323959278,140.6488256435465,608.1597945812173
SOL/THINGS,4.95,2162691.521344,140.31465363998942,694.5575355179476
SOL/THINGS,1.98,2642621.011121,142.38383482876367,281.9199929609521
THINGS/SOL,2162691.521344,4.714379516,140.09838926958292,660.4769765971159
THINGS/SOL,2642621.011121,2.424645322,142.38383482876367,345.23029904598246
SOL/JUAN,4.95,3709629.507847186,140.07976752895294,693.3948492683171
JUAN/SOL,3709629.507847186,5.452815973,140.11478228081316,764.0201228742353
SOL/papery,4.95,963507.634077,140.99367452267302,697.9186888872315
SOL/papery,9.9,2462222.619887,138.46201970387298,1370.7739950683426
SOL/papery,4.95,1591716.706231,138.46201970387298,685.3869975341713
SOL/papery,3.96,1310184.494171,138.46201970387298,548.309598027337
SOL/papery,2.97,6237394.241002,138.46201970387298,411.2321985205028
SOL/papery,1.98,4085809.882296,138.46201970387298,274.1547990136685
SOL/papery,1.98,4083812.330503,138.46201970387298,274.1547990136685
papery/SOL,963507.634077,5.339949186,139.9527934840734,747.3408056437039
papery/SOL,1231111.309944,4.863339637,138.46201970387298,673.3878286449205
papery/SOL,1231111.309943,5.039706278,138.46201970387298,697.8079099661684
papery/SOL,2901901.200402,10.32547649,138.46201970387298,1429.6863292102573
papery/SOL,6237394.241002,3.204713822,138.46201970387298,443.7311483670381
papery/SOL,4085809.882296,1.335858578,138.46201970387298,184.96567674862376
papery/SOL,4083812.330503,3.040597732,138.46201970387298,421.00730307973555
SOL/Bruh,4.95,3815010.566107,141.95590251179485,702.6817174333845
Bruh/SOL,3815010.566107,4.176859339,140.98243894544007,588.8638167442587
SOL/deadass,1.98,1327928.779988,142.71894467913592,282.5835104646891
deadass/SOL,1327928.779988,2.136885766,142.3601224568353,304.2073193240283
SOL/DRILL,4.95,12845186.139251,141.18115430345054,698.8467138020802
DRILL/SOL,12845186.139251,2.946550029,141.36782012212524,416.5473544805149
SOL/LEVI,1.98,3159327.292714,141.3335579036257,279.84044464917883
SOL/LEVI,4.95,4540611.556135,141.6589108979795,701.2116089449985
LEVI/SOL,3159327.292714,1.284899221,141.54443261297305,181.8703312012961
LEVI/SOL,4540611.556135,5.483350143,141.6589108979795,776.7654093296601
SOL/RPS,4.95,8946704.64202,140.55405867270687,695.742590429899
RPS/SOL,8946704.64202,3.05898822,140.6770189437514,430.32934377365234
SOL/USDC,3.508522923,493.669964,140.78968581924738,493.9638400187975
SOL/USDC,39.049520033,5107.587768,131.12889270963,5120.520322769805
USDC/SOL,1885.969549,13.412539768,140.61520598019968,1886.0070421949397
SOL/SCISSORY,3.96,1718820.116841,141.43029401914856,560.0639643158283
SCISSORY/SOL,1718820.116841,3.0204669,141.11343243269107,426.2284518083299
SOL/nvm,3.96,2476120.973051,140.7345388342734,557.3087737837226
nvm/SOL,2476120.973051,4.611966282,140.39622023424312,647.5026338405754
SOL/NGL,1.98,4320754.199926,141.73653756013962,280.63834436907644
NGL/SOL,4320754.199926,1.952585254,141.681143042496,276.64451067464233
SOL/JZT420I,4.95,12955199.781408,141.03284256196088,698.1125706817064
SOL/JZT420I,4.95,13362843.591644,140.96261455230578,697.7649420339136
JZT420I/SOL,12955199.781408,0.409778028,141.64497316009806,58.04299777765792
JZT420I/SOL,13362843.591644,5.382723296,140.95298200390883,758.7108998731088
SOL/$PAPERY,14.85,3199240.678658,138.46201970387298,2056.160992602514
SOL/$PAPERY,10.89,2291062.09716,138.46201970387298,1507.8513945751768
SOL/$PAPERY,3.96,821682.049563,138.46201970387298,548.309598027337
SOL/$PAPERY,3.96,3132285.372386,138.46201970387298,548.309598027337
SOL/$PAPERY,2.97,2787833.127152,138.46201970387298,411.2321985205028
$PAPERY/SOL,3199240.678658,10.584751221,138.46201970387298,1465.5860321226955
$PAPERY/SOL,1556372.073362,8.565150793,138.46201970387298,1185.9480778670095
$PAPERY/SOL,1556372.073361,8.243675659,138.46201970387298,1141.4359815287962
$PAPERY/SOL,3132285.372386,4.801892311,138.46201970387298,664.8797077815581
$PAPERY/SOL,2787833.127152,3.182229369,138.46201970387298,440.6179055927213
SOL/REBIO,9.9,1766405.443666,138.46201970387298,1370.7739950683426
SOL/REBIO,9.9,1788719.192275,138.46201970387298,1370.7739950683426
SOL/REBIO,0.495,161885.555806,138.46201970387298,68.53869975341712
SOL/REBIO,5.94,1966765.168873,138.46201970387298,822.4643970410056
SOL/REBIO,0.2475,134420.433312,138.46201970387298,34.26934987670856
SOL/REBIO,4.95,2473124.671617,138.46201970387298,685.3869975341713
REBIO/SOL,1766405.443666,13.83992796,138.46201970387298,1916.3043778977028
REBIO/SOL,1788719.192275,10.97722607,138.46201970387298,1519.9288923982083
REBIO/SOL,2263071.157991,10.624717143,138.46201970387298,1471.119794402143
REBIO/SOL,2473124.671617,5.148465533,138.46201970387298,712.8669360749569
SOL/LOCK,4.95,1776262.537684,138.46201970387298,685.3869975341713
LOCK/SOL,1776262.537684,5.141883025,138.46201970387298,711.95550872256
SOL/nfw,4.95,8934788.310973,138.46201970387298,685.3869975341713
nfw/SOL,8934788.310973,5.025882528,138.46201970387298,695.893845621287
nfw/SOL,4987746.606331,1.151324753,138.46201970387298,159.4147506354427
SOL/MOM,1.98,14577551.255902,138.46201970387298,274.1547990136685
SOL/MOM,1.98,2293484.451738,138.46201970387298,274.1547990136685
SOL/MOM,1.98,4411011.552088,138.46201970387298,274.1547990136685
MOM/SOL,14577551.255902,0.621786327,138.46201970387298,86.09379066067281
MOM/SOL,2293484.451738,2.049046844,138.46201970387298,283.7151644880867
MOM/SOL,4411011.552088,2.032911892,138.46201970387298,281.4810864463417
SOL/POWPOW,3.96,16840173.490427,138.46201970387298,548.309598027337
POWPOW/SOL,16840173.490427,3.263210851,138.46201970387298,451.8307651490542
SOL/W,1.98,3441020.645133,138.46201970387298,274.1547990136685
W/SOL,3441020.645133,2.185644654,138.46201970387298,302.62877314781264
SOL/CAPY,4.95,935408.983664,138.46201970387298,685.3869975341713
SOL/CAPY,4.95,830914.128707,138.46201970387298,685.3869975341713
CAPY/SOL,935408.983664,6.569561887,138.46201970387298,909.634807443607
CAPY/SOL,830914.128707,5.663978017,138.46201970387298,784.2458357921574
SOL/gg,4.95,1715714.875204,138.46201970387298,685.3869975341713
SOL/gg,4.95,1449915.784523,138.46201970387298,685.3869975341713
SOL/gg,4.95,1940096.366933,138.46201970387298,685.3869975341713
SOL/gg,2.97,1933404.05492,138.46201970387298,411.2321985205028
gg/SOL,857857.437602,2.126052875,138.46201970387298,294.3775750697258
gg/SOL,857857.437602,2.456802002,138.46201970387298,340.17376720943855
gg/SOL,1449915.784523,5.514580532,138.46201970387298,763.5599582803784
gg/SOL,1940096.366933,6.436586262,138.46201970387298,891.2227338347221
gg/SOL,1933404.05492,3.477003971,138.46201970387298,481.4329923430466
SOL/toby,1.98,11678383.607057,138.46201970387298,274.1547990136685
SOL/toby,1.98,5680421.924743,138.46201970387298,274.1547990136685
toby/SOL,11678383.607057,2.175366777,138.46201970387298,301.2056775401246
toby/SOL,5680421.924743,2.520464446,138.46201970387298,348.9885977849633
SOL/meep,1.98,4286991.815793,138.46201970387298,274.1547990136685
SOL/meep,1.98,4597404.399399,138.46201970387298,274.1547990136685
meep/SOL,4286991.815793,2.137010884,138.46201970387298,295.894843127799
meep/SOL,4597404.399399,2.501612394,138.46201970387298,346.3783045894809
SOL/tism,1.98,3537163.6078,138.46201970387298,274.1547990136685
tism/SOL,3537163.6078,2.357111075,138.46201970387298,326.37036011086724
SOL/tard,4.95,2822997.820876,138.46201970387298,685.3869975341713
tard/SOL,1411498.910438,3.220163314,138.46201970387298,445.8703162327569
tard/SOL,1411498.910438,2.178203905,138.46201970387298,301.5985120131631
NFA/SOL,2425831.739266,2.685321755,138.46201970387298,371.81507375204876
NFA/SOL,2425831.739265,1.820361846,138.46201970387298,252.05097778903058
SOL/chandi,4.95,1675227.143954,137.77941465093585,682.0081025221325
chandi/SOL,837613.571977,1.16094558,137.71711691764443,159.88207817588253
chandi/SOL,837613.571977,2.157682399,137.08771746604714,295.7917550955748
SOL/pao,2.97,7081803.223894,139.1376435764392,413.23880142202444
pao/SOL,7081803.223894,4.452741252,139.1376435764392,619.5439252588836
SOL/DAWAE,4.95,2953222.010265,139.8990640796008,692.500367194024
SOL/DAWAE,4.95,1266669.177319,139.9033788574084,692.5217253441716
DAWAE/SOL,2953222.010265,3.347754842,139.76939304542557,467.9136623312246
DAWAE/SOL,633334.58866,1.29618467,140.03462639302657,181.51073599981842
DAWAE/SOL,633334.588659,1.103204457,140.03462639302657,154.48682397111673
SOL/YOGA,4.95,1003806.595363,140.10670108734737,693.5281703823696
YOGA/SOL,1003806.595363,6.635700263,140.07354948929003,929.4860891854254
SOL/rocky,9.9,2149145.575943,137.940376390553,1365.6097262664748
rocky/SOL,1074572.787972,3.175799526,138.07166196643408,438.4879186270336
rocky/SOL,1074572.787971,3.092917401,138.07166196643408,427.0442458809738
SOL/miyi,4.95,4051158.290979,137.11931087991658,678.7405888555871
SOL/miyi,4.95,3607859.650254,137.40397262681182,680.1496645027186
miyi/SOL,7659017.941233,9.695260804,137.10766222139102,1329.294543463124
SOL/messi,4.95,10181217.196828,135.78240156118807,672.122887727881
messi/SOL,10181217.196828,5.413168149,136.28888640776657,737.754658965201
SOL/MESSI,4.95,8980041.668895,136.92470923783858,677.777310727301
SOL/MESSI,4.95,5595692.411506,137.17244116534545,679.00358376846
SOL/MESSI,4.95,5898763.449724,138.36872058024994,684.9251668722372
MESSI/SOL,7287867.040201,1.591483823,136.10972851349894,216.61643108215537
MESSI/SOL,7287867.0402,1.675076851,136.55073398286174,228.73297348175075
MESSI/SOL,5898763.449724,1.936468487,138.03257072683007,267.2957233921051
Loninmusse/SOL,5350239.167397,1.40097739,138.01852536787877,193.36083344153957
SOL/YESSEC,2.97,7577335.048445,138.46201970387298,411.2321985205028
SOL/YESSEC,4.95,10564855.716714,138.46201970387298,685.3869975341713
SOL/YESSEC,4.95,13100456.723099,138.46201970387298,685.3869975341713
YESSEC/SOL,7577335.048445,3.162034903,138.46201970387298,437.8217390435201
YESSEC/SOL,5282427.858357,3.742281321,138.46201970387298,518.1638300057379
YESSEC/SOL,5282427.858357,3.384103574,138.46201970387298,468.569815743135
YESSEC/SOL,13100456.723099,5.626397506,138.46201970387298,779.0423623375938
SOL/NOTSEC,9.9,733890.360099075,132.09630019391653,1307.7533719197738
NOTSEC/SOL,733890.360099075,11.285003773,132.46110593910302,1494.8240802985304
SOL/DPEPE,3.96,1627711.955419,131.8657050384739,522.1881919523566
SOL/DPEPE,4.95,9456863.960729,132.50452850603713,655.8974161048839
DPEPE/SOL,1627711.955419,4.219836656,131.4088686983146,554.5239610566389
DPEPE/SOL,3447026.913688,5.208966249,129.33509694209198,673.7021547825003
DPEPE/SOL,383002.990409,0.893330362,127.96101701105735,114.31146164837602
DPEPE/SOL,425558.878232,0.894298999,128.62660442907068,115.03064358568687
DPEPE/SOL,472843.198036,1.010889836,128.00925025502679,129.403249996787
DPEPE/SOL,4728431.980364,4.919470534,130.307199006216,641.0424258791537
SOL/Kong,9.9,772298.09852,130.15034877779343,1288.488452900155
Kong/SOL,386149.04926,4.920818359,130.62526670051525,642.7832105291668
Kong/SOL,386149.04926,5.193065366,130.146654157944,675.8600822083988
SOL/day1,4.95,18767096.174053,129.04824210700053,638.7887984296526
day1/SOL,18767096.174053,2.642466126,129.64005616891643,342.569456999099
SOL/RAWDOG,9.9,2796834.384339,134.72956281733246,1333.8226718915914
RAWDOG/SOL,1398417.19217,3.424138821,133.92223565674504,458.56832610737115
RAWDOG/SOL,1398417.192169,5.079669087,133.95956887212623,680.470280907587
SOL/savage,4.95,4812191.653868,138.12679714069776,683.7276458464539
SOL/savage,4.95,4352441.212568,138.14265137988025,683.8061243304072
SOL/savage,4.95,6178109.98554,138.8176608376844,687.1474211465378
SOL/savage,4.95,8532014.539369,137.5941315385649,681.0909511158964
savage/SOL,2291158.216609,3.920311977,137.62292244728565,539.524791179836
savage/SOL,2291158.216609,3.746052915,137.5402147646673,515.232922448908
savage/SOL,4582316.433218,8.533913706,137.6505977192465,1174.69832251537
savage/SOL,3089054.99277,1.322892929,139.09198495274455,184.00380337456016
savage/SOL,3089054.99277,1.373664768,139.09198495274455,191.06575924077134
savage/SOL,8532014.539369,6.503528337,137.5941315385649,894.8473334659623
SOL/OSAKA,4.95,12130565.357849,138.54608195697486,685.8031056870255
OSAKA/SOL,6065282.678925,2.587067337,138.49078340630658,358.28498222599734
SOL/$ZAZU,9.9,1481619.7042,139.0281993686991,1376.379173750121
SOL/$ZAZU,9.9,1393363.460981,138.71823609447188,1373.3105373352716
$ZAZU/SOL,1481619.7042,10.415979863,138.8176608376844,1445.9219599140845
$ZAZU/SOL,696681.730491,5.018394346,139.06049614583927,697.8604076102346
$ZAZU/SOL,696681.73049,5.54145994,139.16165017007123,771.1587096017439
SOL/qiu,9.9,7360054.494954,139.22121691618267,1378.2900474702085
SOL/qiu,9.9,5086195.418195,139.49283701705673,1380.9790864688616
SOL/qiu,9.9,4417453.794872,139.47938990407735,1380.8459600503659
SOL/qiu,9.9,3573227.114836,139.6108422079096,1382.147337858305
qiu/SOL,10218465.411429,5.426960485,139.40272676180027,756.5330896375422
SOL/ily,9.9,3355391.487252,143.80658660884058,1423.6852074275218
SOL/ily,4.95,6160128.006831,142.10618753979213,703.4256283219711
ily/SOL,6160128.006831,5.920167715,142.1322629036767,841.4468341022389
SOL/SCOOBY,9.9,570869.85888,143.02803327597232,1415.977529432126
SOL/SCOOBY,9.9,540371.583436,143.8170211114867,1423.7885090037184
SOL/SCOOBY,9.9,422361.797649,142.49985467740748,1410.748561306334
SOL/SCOOBY,9.9,954560.78605,143.48888509443748,1420.539962434931
SOL/SCOOBY,9.9,2396037.209203,142.3663461665081,1409.4268270484301
SCOOBY/SOL,481366.690543,10.708080767,143.14265497773863,1532.7831107044399
SCOOBY/SOL,954560.78605,13.955506985,143.47260578402046,2002.232952175049
SCOOBY/SOL,1198018.604601,4.913370398,142.32289643250581,699.2851062890938
SOL/$YOLKED,4.95,4320245.368173,143.77243582704,711.6735573438481
SOL/$YOLKED,4.95,4017607.99962,143.2234041310041,708.9558504484703
$YOLKED/SOL,4320245.368173,5.840912415,143.38452135662854,837.4964309107643
$YOLKED/SOL,2008803.99981,2.916547787,143.07209975461086,417.2766159207535
$YOLKED/SOL,2008803.99981,2.272048636,143.07209975461086,325.06676909711956
SOL/Dappy,4.95,10346958.168453,143.01068071151147,707.9028695219818
SOL/Cheemsburb,4.95,90265429.03193568,142.02193785890302,703.0085924015699
Cheemsburb/SOL,90265429.03193568,3.134552757,142.02193785890302,445.1752568701071
SOL/BUMPY,4.95,2744410.039146,137.5315883060648,680.7813621150208
SOL/BUMPY,4.95,2361796.408461,137.3307127558966,679.7870281416882
SOL/BUMPY,4.95,2092339.059659,136.72635741211695,676.7954691899789
SOL/BUMPY,4.95,1678868.219305,136.7859342143772,677.0903743611672
BUMPY/SOL,4438706.863286,4.093595754,137.48209935556542,562.7961381729488
BUMPY/SOL,4438706.863285,5.141781081,137.48209935556542,706.9028574426086
SOL/BUB,4.95,2610227.180887,137.17019234510758,678.9924521082826
SOL/BUB,9.9,4169650.502684,136.99246844955127,1356.2254376505575
BUB/SOL,2084825.251342,5.268620297,137.1834292067201,722.7673995305881
BUB/SOL,2084825.251342,5.10350132,137.053408832283,699.4522528860559
SOL/relax,4.95,1849560.35227,136.15339510172447,673.9593057535361
SOL/relax,4.95,3756966.497763,134.75040030904003,667.0144815297482
relax/SOL,1823986.059654,4.902825822,135.86680006692131,666.1312557206131
relax/SOL,1823986.059653,5.416103502,135.9456914608427,736.2959356028817
relax/SOL,3756966.497763,5.39218966,134.48044590154717,725.144069862512
SOL/MOI,4.95,2346685.757002,134.25194210268216,664.5471134082767
SOL/MOI,4.95,2389896.082688,133.96034361738498,663.1037009060557
MOI/SOL,2368290.919845,3.205085537,134.9050718535815,432.38229466585983
MOI/SOL,2368290.919845,3.334623907,134.9050718535815,449.85767777850566
SOL/grass,4.95,2982894.050983,134.45297068063,665.5422048691185
SOL/grass,9.9,1883505.173384,133.45896684717894,1321.2437717870716
SOL/grass,9.9,1835965.225204,132.76298294375343,1314.353531143159
SOL/grass,9.9,1740304.595159,132.7153762108139,1313.8822244870576
grass/SOL,2982894.050983,5.81426803,134.50405305116965,782.0426155608396
grass/SOL,941752.586692,5.131202406,133.8165064002135,686.6395796032899
grass/SOL,941752.586692,5.857849381,133.8165064002135,783.8769391840733
grass/SOL,1835965.225204,12.104853506,132.89684738682092,1608.696869026706
grass/SOL,1740304.595159,10.50241872,132.7153762108139,1393.8324515482946
SOL/KASH,9.9,3594094.596344,132.49739967653255,1311.7242567976723
SOL/KASH,9.9,2058498.698625,132.8075734689623,1314.7949773427267
SOL/KASH,9.9,1658292.922512,132.8075734689623,1314.7949773427267
SOL/CHOCCY,4.95,9454123.670642,135.5976651230429,671.2084423590624
CHOCCY/SOL,9454123.670642,5.97733542,135.61332318023616,810.6063200691327
SOL/SUPERCAT,4.95,12518217.62202,135.2390569511664,669.4333319082737
SUPERCAT/SOL,782388.601377,1.195685888,135.0911145317395,161.52653923979264
SUPERCAT/SOL,782388.601376,1.513415611,135.13280006739606,204.51208918013907
SUPERCAT/SOL,1564777.202752,2.420486857,135.2603271039119,327.3958440285396
SUPERCAT/SOL,3129554.405505,3.45591784,135.19033490763368,467.206690202866
SOL/MILLY,4.95,10648196.975663805,134.4831143873077,665.6914162171731
SOL/MILLY,4.95,7835978.745801577,134.53881693430847,665.967143824827
MILLY/SOL,10648196.975663805,5.223205931,134.1383861694051,700.6324142148051
MILLY/SOL,3917989.372900789,3.476341919,134.7547617548084,468.45362707309846
MILLY/SOL,3917989.372900788,3.755341337,134.7547617548084,506.0501271754187
SOL/melon,4.95,28601028.74683,134.97325434401708,668.1176090028846
SOL/melon,9.9,2948272.511605,134.80735289138732,1334.5927936247347
SOL/melon,4.95,4358148.186631,134.78204859812413,667.1711405607144
SOL/melon,3.96,7957330.470217,134.96332844445723,534.4547806400507
SOL/melon,4.95,10737797.180487,135.24403789859835,669.4579875980619
melon/SOL,25740925.872147,12.073699881,134.56211753770646,1624.6626225021143
melon/SOL,2463287.845665,0.487634475,134.91649786923657,65.78993560730379
melon/SOL,2463287.845664,0.454253407,134.91649786923657,61.28627881760895
melon/SOL,2379845.006907,4.835421475,134.47713200815483,650.2536120086418
melon/SOL,9347563.825352,5.271845179,134.51955125724717,709.1662477767618
SOL/Yoda,4.95,2729870.719934,123.5654361063433,611.6489087263993
SOL/Yoda,4.95,1425906.646689,128.24094280077273,634.792666863825
SOL/Yoda,9.9,2441096.981236,127.3084816974816,1260.3539688050678
SOL/Yoda,4.95,14775915.084081,128.19122377769776,634.5465576996039
Yoda/SOL,2729870.719934,5.467244288,124.30898257719134,679.6275749422409
Yoda/SOL,1933501.813962,6.877360478,128.62176170105218,884.5782205335503
Yoda/SOL,14775915.084081,6.615572089,128.19122377769776,848.0582820784904
SOL/MOJO,4.95,2731619.64992,123.53117532445333,611.479317856044
MOJO/SOL,1365809.82496,3.064372643,123.73267971547118,379.1630387651709
MOJO/SOL,1365809.82496,3.229276819,123.73267971547118,399.5670743579226
SOL/SAGE,29.7,356344.003640564,133.1645276817595,3954.986472148257
SOL/SAGE,24.75,176320.524131841,133.498515005287,3304.0882463808534
SAGE/SOL,50037.808719099,15.181451546,127.68583213679022,1938.4562736953703
SAGE/SOL,44543.000455071,7.339718774,133.0898231303894,976.8418734584584
SAGE/SOL,44543.00045507,7.346270424,133.0898231303894,977.7138313981707
SAGE/SOL,89086.000910141,13.29376648,132.9922281452997,1767.9676246184977
SAGE/SOL,176320.524131841,26.351699144,133.58554126684646,3520.205993452335
SOL/Peon,12.375,1509251.480073,134.97212873088654,1670.2800930447208
Peon/SOL,377190.654874,4.985639761,135.0495655634522,673.3084837789237
Peon/SOL,377190.654873,4.069656384,135.04697397434398,549.5947797745708
Peon/SOL,754870.170326,12.155642988,133.95238550597918,1628.2773756016286
SOL/WOLF,24.75,289108.53857745,134.98416964508363,3340.8581987158195
SOL/WOLF,24.75,232029.12973567,129.02765612082388,3193.434488990391
SOL/WOLF,9.9,649887.76403155,143.87065387799208,1424.3194733921216
SOL/WOLF,19.8,926113.86017477,141.59153825094563,2803.5124573687235
SOL/WOLF,9.9,645826.38046344,141.36177689078136,1399.4815912187355
SOL/WOLF,9.9,639195.20744227,141.36177689078136,1399.4815912187355
WOLF/SOL,287193.9085927,23.286315833,135.0159758643466,3144.02465647788
WOLF/SOL,287193.9085927,23.338870766,134.9240835795717,3148.975749884606
WOLF/SOL,232029.12973567,26.30591758,127.4554608364295,3352.832847884032
WOLF/SOL,649887.76403155,10.864917414,143.7836838480752,1562.197850490023
WOLF/SOL,2743944.46108129,43.58924762,142.6606026094882,6218.468332763399
SOL/INU,4.95,1356319.450241,134.54192076432776,665.9825077834224
SOL/INU,4.95,1152431.264121,135.0039936895792,668.2697687634171
SOL/INU,9.9,3060095.951022,135.61181896434834,1342.5570077470486
SOL/INU,4.95,2205908.472695,136.68960901071748,676.6135646030515
INU/SOL,2508750.714362,5.931108268,134.6845251387181,798.8285006219048
INU/SOL,3060095.951022,10.381762071,135.72754684131925,1409.0910977870842
bobi/SOL,6822836.646502,3.275754587,134.7914261805065,441.5436325990661
SOL/LULU,9.9,1106277.058138,140.96099353766903,1395.5138360229234
LULU/SOL,553138.529069,6.175706232,141.01059049472184,870.8399824962536
LULU/SOL,553138.529069,5.820383321,141.01059049472184,820.7356889998402
SOL/SMASH,4.95,131184.453541,141.40459235292548,699.9527321469811
SOL/SMASH,4.95,128815.246178,142.1199382955691,703.4936945630672
SOL/SMASH,4.95,124773.931773,142.0683618988493,703.2383913993041
SOL/SMASH,4.95,127208.291755,142.1554652419314,703.6695529475605
SOL/SMASH,4.95,123021.454884,142.2344604560095,704.060579257247
SOL/SMASH,4.95,125978.285603,142.2200660110094,703.9893267544966
SMASH/SOL,760981.663734,24.979486327,141.16258215536817,3526.168790834033
SOL/PAWSSPORT,2.97,6116383.357736,148.07079151384121,439.7702507961084
SOL/BC,4.95,2401201.238676,148.9146404466465,737.1274702109002
BC/SOL,2401201.238676,3.248137103,148.64434448059248,482.81721045852566
BILLY/SOL,6596.472277,4.707787439,152.09473392510174,716.0296779106411
BILLY/SOL,18584.172088,5.900322682,143.8085149152214,848.5166424190161
SOL/PICKLE,4.95,2301425.381965,152.34947381705993,754.1298953944466
PICKLE/SOL,2301425.381965,0.636536446,152.2384607561952,96.90532875425896
SOL/sweeney,4.95,307560.864878,152.38735715998567,754.3174179419291
sweeney/SOL,307560.864878,6.139966318,152.2739228063442,934.9567571406853
SOL/CRAWLY,4.95,540926.028245,148.57950745493872,735.4685619019467
CRAWLY/SOL,540926.028245,5.463082162,148.63155020647133,811.986370643381
SOL/ARO,4.95,5422508.515457,147.3025722184712,729.1477324814325
ARO/SOL,5422508.515457,5.659442599,147.07639310067836,832.3704044212488
SOL/PRESI,19.8,290209.162666049,148.5326400766246,2940.9462735171674
PRESI/SOL,145104.581333025,9.445035064,148.40588249231675,1401.6987638437954
PRESI/SOL,145104.581333024,10.437377414,148.40588249231675,1548.968206030045
SOL/ADA,4.95,318638.063260462,147.74393409536086,731.3324737720362
ADA/SOL,318638.063260462,5.228133929,147.74393409536086,772.425074647896
SOL/WOS,9.9,2973324.935117,147.4491322031294,1459.7464088109812
WOS/SOL,2973324.935117,1.10057958,147.6370480406512,162.4863203250197
SOL/LOOPS,4.95,5081541.587912,147.17902470973806,728.5361723132035
LOOPS/SOL,5081541.587912,3.984968674,147.04776933042336,585.9807543633151
SOL/MOMMY,9.9,1976682.849766,146.48082091924852,1450.1601271005604
SOL/MOMMY,4.95,1826981.452712,147.45449718049187,729.8997610434348
MOMMY/SOL,1976682.849766,13.038630059,146.11358408013,1905.1209694154072
MOMMY/SOL,1826981.452712,3.477188735,147.1464976092728,511.65614388166784
SOL/JIPPA,9.9,569539.702084,146.03788122115978,1445.7750240894818
SOL/JIPPA,4.95,2484093.957656,145.95240926355856,722.4644258546149
JIPPA/SOL,569539.702084,6.546487622,146.2646209613474,957.5195306599824
JIPPA/SOL,2484093.957656,0.583234995,145.86392771206033,85.07294714982386
SOL/HERO,0.99,3170.604834202,147.14295637756095,145.67152681378533
HERO/SOL,3170.604834202,1.043780352,147.13018782233002,153.57159923501774
HERO/SOL,40577.228278268,11.995495069,147.14295637756095,1765.0526076651145
HERO/SOL,40577.228278267,12.60055738,147.14295637756095,1854.0832648982937
HERO/SOL,19831.559240715,5.305974472,147.14295637756095,780.736770273948
HERO/SOL,14200.140511571,4.81383066,147.20932568463815,708.6407654186365
HERO/SOL,15597.430434969,3.847951388,147.20932568463815,566.4543290947473
HERO/SOL,15573.144147099,4.98109477,147.20932568463815,733.2636022629778
HERO/SOL,14579.40178425,4.570060599,147.20932568463815,672.7555391167234
HERO/SOL,13638.312716633,4.977703639,147.20932568463815,732.7643961551594
HERO/SOL,14054.948827751,5.015362479,147.3050488499457,738.7882149692798
HERO/SOL,12838.807898987,4.382148605,147.3050488499457,645.5126143272464
HERO/SOL,12742.981630542,5.016863655,147.3050488499457,739.0093457732921
HERO/SOL,12929.836625948,5.109039742,147.3050488499457,752.5873487716241
HERO/SOL,13914.920693989,4.86418255,147.3050488499457,716.5186481428034
HERO/SOL,15055.471796423,5.167587353,147.3050488499457,761.2117074700267
HERO/SOL,12266.156974793,4.881308878,147.34155690083438,719.2196497983849
HERO/SOL,12152.297875344,4.86305897,147.34155690083438,716.530679940368
HERO/SOL,12051.106786065,5.058299939,147.34155690083438,745.2977882836556
HERO/SOL,12762.195292513,5.27771573,147.34155690083438,777.6268525382236
HERO/SOL,12428.731348822,4.990601036,147.34155690083438,735.3229265151571
HERO/SOL,11981.363527971,4.799637881,147.44182698790928,707.6673780550175
HERO/SOL,11040.363274275,4.434406787,147.44182698790928,653.8170382828647
HERO/SOL,11563.238334777,4.969286849,147.44182698790928,732.6807318435509
HERO/SOL,12103.16997291,4.94108074,147.44182698790928,728.5219716003708
HERO/SOL,11205.382242369,4.977292966,147.44182698790928,733.8611683611099
HERO/SOL,12230.478853733,5.049455489,147.44182698790928,744.5009425922868
HERO/SOL,14712.097864143,5.08258186,147.44463695086293,749.3994371207417
HERO/SOL,15787.667845137,4.986471955,147.44463695086293,735.2285470706347
HERO/SOL,16166.680666641,4.943916968,147.44463695086293,728.954042461971
HERO/SOL,17523.593015,5.140549004,147.44463695086293,757.9463816229
HERO/SOL,18102.873580949,4.933237236,147.44463695086293,727.3793732544985
HERO/SOL,19062.855496999,5.175844168,147.41907194624835,763.0181437849619
HERO/SOL,18891.02365837,4.918553335,147.41907194624835,725.0885679638249
HERO/SOL,18984.424656699,5.005907766,147.41907194624835,737.9662771122373
HERO/SOL,17902.641272664,5.120760045,147.41907194624835,754.8976934933289
HERO/SOL,20098.6910485,5.675712096,147.41907194624835,836.708209826416
HERO/SOL,17942.963155656,4.785600432,147.38065765723584,705.3049389529119
HERO/SOL,17197.688201905,5.104060274,147.38065765723584,752.2397599042914
HERO/SOL,18510.344526922,5.111726814,147.38065765723584,753.3696596114469
HERO/SOL,17421.176097668,4.892221612,147.38065765723584,721.0188385815026
HERO/SOL,17845.790041841,4.822960399,147.38065765723584,710.8110754594246
HERO/SOL,20225.253642549,5.145635899,147.38065765723584,758.367202859302
HERO/SOL,20448.270538525,5.055639169,147.39376844596006,745.1697090219119
HERO/SOL,18905.053526283,4.743882548,147.39376844596006,699.218725814743
HERO/SOL,20635.828990202,4.873506011,147.39376844596006,718.3244165053285
HERO/SOL,20975.382986549,5.055408024,147.39376844596006,745.1356396893045
HERO/SOL,19704.158558092,5.08474042,147.39376844596006,749.4590520732937
HERO/SOL,21579.142072813,5.155937213,147.39376844596006,759.9530156948306
HERO/SOL,20528.563600202,4.908813866,147.39376844596006,723.528574309522
HERO/SOL,20538.594847371,4.989313798,147.39376844596006,735.3937626466457
HERO/SOL,20612.140705665,5.094931706,147.55009709841977,751.7576679301175
HERO/SOL,18996.681575479,4.788095508,147.55009709841977,706.4839571219075
HERO/SOL,24135.323574864,5.393974331,147.55009709841977,795.8814362854338
HERO/SOL,23496.61997576,4.978653087,147.55009709841977,734.6007464061972
HERO/SOL,23967.91247676,5.094925933,147.55009709841977,751.7568161234069
Terminus/SOL,5874983.584586,2.111333001,147.70843755941553,311.8616987453419
Terminus/SOL,652775.953842,0.247264834,147.70843755941553,36.52310229352825
SOL/EMRLD,4.95,1220146.967189,144.74977540082304,716.511388234074
SOL/EMRLD,9.9,1302213.360668,138.70216623775178,1373.1514457537428
SOL/EMRLD,4.95,732191.975489,138.33229992977306,684.7448846523766
EMRLD/SOL,1220146.967189,3.941856511,144.5893406052287,569.9504336859175
EMRLD/SOL,162776.670084,1.65073361,140.5274901882463,231.97345118268342
EMRLD/SOL,162776.670083,1.718537461,140.53236009644237,241.5101253084778
EMRLD/SOL,325553.340167,3.767243167,139.23706883726464,524.5398961702939
EMRLD/SOL,651106.680334,6.569189637,139.2849379685337,914.9891710930794
EMRLD/SOL,732191.975489,5.142471137,138.49823215190384,712.2231613666909
SOL/RUBY,4.95,15528458.942357,140.07793504231276,693.3857784594481
RUBY/SOL,15528458.942357,6.178489206,140.3995476725212,867.4570898219547
SOL/WHITMER,9.9,2457027.057216,137.8979143225115,1365.1893517928638
SOL/WHITMER,4.95,1882839.056438,137.8979143225115,682.5946758964319
WHITMER/SOL,2457027.057216,10.556375198,137.8979143225115,1455.7021226100892
WHITMER/SOL,1882839.056438,4.179679092,137.8979143225115,576.3690293242087
SOL/chichi,4.95,4376234.69141,137.08508544014484,678.5711729287169
chichi/SOL,4376234.69141,4.826356734,137.0952779977846,661.6707181642097
SOL/Son,4.95,8854825.974099,141.09600776076005,698.4252384157622
Son/SOL,3591152.315698,2.630030757,141.07405523622148,371.02910428597943
Son/SOL,5263673.658401,4.559024804,141.09600776076005,643.2601991266815
SOL/VUNCE,4.95,2828377.918901,136.85962235480392,677.4551306562794
VUNCE/SOL,1414188.959451,2.610844652,149.60144641289278,390.5861362985657
VUNCE/SOL,1414188.95945,5.562631278,136.60066260991647,759.8591184294464
SOL/GME,49.5,842287.274944635,147.69312638440036,7310.8097560278175
GME/SOL,842287.274944635,52.164291533,147.52872224135,7695.731276488763
SOL/ICE,2.97,6495253.568971,136.3288200525215,404.8965955559889
ICE/SOL,3247626.784486,0.918835149,147.4218921479544,135.4564162376276
ICE/SOL,3247626.784485,2.742356147,136.56177680774533,374.50102807396246
SOL/VIVOOK,24.75,1527015.328495,136.49383695625187,3378.222464667234
SOL/VIVOOK,24.75,1183337.516687,135.35544635336072,3350.047297245678
SOL/VIVOOK,24.75,1201960.886287,135.36417242012482,3350.2632673980893
SOL/VIVOOK,24.75,1082949.942626,137.1637969963025,3394.8039756584867
SOL/VIVOOK,24.75,1060421.784523,136.9823067941489,3390.3120931551857
SOL/VIVOOK,24.75,1121279.491371,136.9283064494061,3388.9755846228013
SOL/VIVOOK,24.75,1237693.017336,136.95102451189376,3389.5378566693707
SOL/VIVOOK,24.75,1217078.310427,136.58604430403375,3380.5045965248355
SOL/VIVOOK,19.8,5139295.641538,138.95959532619372,2751.3999874586357
VIVOOK/SOL,3912313.731469,22.453070008,146.68567756011907,3293.5437874282684
VIVOOK/SOL,1632325.60926,19.176774001,136.77436327099394,2622.8910535785258
VIVOOK/SOL,1632325.60926,19.998341359,136.53874678622316,2730.548466960955
VIVOOK/SOL,1227385.663882,25.58604126,136.96700503678915,3504.4434421299147
VIVOOK/SOL,1227385.663881,26.006593038,136.84777104667245,3558.9442897682093
VIVOOK/SOL,1364447.659196,11.112398678,138.6733036684953,1540.9930363596795
VIVOOK/SOL,1364447.659196,9.530830748,139.1232672634907,1325.960313397099
VIVOOK/SOL,2410400.323146,13.460828989,139.1525069290324,1873.1080991623426
SOL/eepy,4.95,6828455.822601,137.2457618901245,679.3665213561163
eepy/SOL,3158316.794008,3.477948245,136.9012700399441,476.1355318736947
eepy/SOL,3670139.028593,5.445852741,137.13873902926642,746.8373778398143
SOL/BIDENICA,4.95,7502904.276678,137.04999450030905,678.3974727765299
BIDENICA/SOL,680222.029199,3.061678358,137.2457618901245,420.20237890621536
BIDENICA/SOL,680222.029198,3.793467181,137.45510146969357,521.4314162863075
BIDENICA/SOL,151160.450933,1.143579367,137.3514363903776,157.07226868384876
BIDENICA/SOL,167956.056592,1.588537635,137.25220794218097,218.0302978030004
BIDENICA/SOL,186617.840658,1.810622867,137.25220794218097,248.51198624635188
BIDENICA/SOL,207353.156286,1.673884365,137.39179733670687,229.97798144116226
BIDENICA/SOL,230392.395874,1.757601499,137.41010661896382,241.51220937124063
BIDENICA/SOL,255991.550971,2.013590312,137.20592556126599,276.27652245915834
BIDENICA/SOL,284435.056634,1.627804125,137.20592556126599,223.3443716030717
BIDENICA/SOL,316038.951816,1.628242559,137.33828444541854,223.6200397140782
BIDENICA/SOL,351154.390906,1.602912933,137.35786730545894,220.172701953218
BIDENICA/SOL,390171.545451,1.675963024,137.35786730545894,230.20670665944772
BIDENICA/SOL,433523.93939,1.609944811,137.46504281506284,221.31113237400328
BIDENICA/SOL,3167664.88277,5.030857567,137.1505290010733,689.9847766431026
BIDENICA/SOL,5939241.409637,1.206338016,137.31379420006442,165.646850064738
SOL/BOBBY,9.9,847778.991853,136.74853793929952,1353.8105255990654
BOBBY/SOL,847778.991853,7.013882712,137.08049460453904,961.4665112591856
SOL/FLOPPY,9.9,34244.243043,136.75599657215542,1353.8843660643388
FLOPPY/SOL,34244.243043,12.459405217,136.38194934374894,1699.2379711581355
SOL/MOONWOLF,4.95,4955970.574367,136.14354964538998,673.9105707446804
MOONWOLF/SOL,4955970.574367,2.748910493,136.3175828926899,374.72483399411254
SOL/GOND,9.9,1260155.674652,136.27283576127448,1349.1010740366173
GOND/SOL,1260155.674652,13.830425362,136.27283576127448,1884.7112838643911
DEGENIO/SOL,5561236.843366,0.516080735,136.58199993853825,70.48733891605076
SOL/sprite,19.8,3309246.090439,137.05429933174636,2713.675126768578
sprite/SOL,1654623.04522,8.767698082,137.074080618759,1201.8241537330068
sprite/SOL,1654623.045219,9.124315748,137.074080618759,1250.7071924323645
SOL/NOBITA,9.9,555449.598731,136.9613355238464,1355.9172216860795
SOL/NOBITA,9.9,454914.704753,136.66475736001013,1352.9810978641003
SOL/NOBITA,9.9,374942.584773,136.75959995825934,1353.9200395867676
SOL/NOBITA,19.8,3983774.439745,136.92765827989342,2711.16763394189
SOL/NOBITA,14.85,3305651.499464,137.5341641374904,2042.3823374417323
NOBITA/SOL,1385306.888257,18.479695039,136.87835562439133,2529.470269378542
NOBITA/SOL,1991887.219873,14.105563598,136.87337759017183,1930.6761324712368
NOBITA/SOL,1991887.219872,12.059796887,136.87251574736212,1650.6547393258961
NOBITA/SOL,3305651.499464,8.623014484,136.927626207844,1180.728904049977
SOL/Jar,4.95,5439510.121058,138.49606197367802,685.5555067697062
Jar/SOL,5439510.121058,6.629529969,138.49606197367802,918.1637934429798
SOL/METAL,9.9,3913028.671833,136.78036799398902,1354.1256431404913
METAL/SOL,3913028.671833,15.028294041,136.78158730917966,2055.593913477066
SOL/MC,19.8,1646665.508339623,127.55029523342095,2525.495845621735
SOL/MC,19.8,1250661.905624728,127.81653050792664,2530.7673040569475
SOL/MC,9.9,802972.828565241,127.21447526488976,1259.4233051224087
MC/SOL,1850150.121264796,30.214114314,127.58193026975971,3854.7750255712967
MC/SOL,1850150.121264796,30.463244112,127.58193026975971,3886.5594860878523
SOL/FIRST,49.5,1231262.520583111,128.03198770193418,6337.583391245742
FIRST/SOL,1231262.520583111,43.47093857,127.37870311223291,5537.2717781181445
SOL/MUTT,4.95,1064859.3010217,128.69267422776784,637.0287374274508
MUTT/SOL,1064859.3010217,3.328170222,127.79184691331035,425.3130195112621
SOL/JASON,19.8,1071665.837307,126.7468916012885,2509.588453705512
JASON/SOL,1071665.837307,22.618640654,127.00093186446362,2872.588440565441
SOL/MEOWHMED,4.95,7799738.878237,130.97580065684954,648.3302132514052
MEOWHMED/SOL,7799738.878237,5.444032609,130.97580065684954,713.0365297657725
SOL/FBOY,4.95,1312754.953827,131.500434558588,650.9271510650107
SOL/FBOY,9.9,3225952.962827,131.53085314687146,1302.1554461540275
SOL/FBOY,4.95,2042492.868317,131.55902124396798,651.2171551576415
FBOY/SOL,1312754.953827,3.146407574,131.7483933136832,414.5341425845038
FBOY/SOL,1612976.481414,6.042888715,131.18865200054884,792.7584247101788
FBOY/SOL,1612976.481413,6.874934821,131.23097671227504,902.2044113930598
FBOY/SOL,2042492.868317,5.692432807,131.75885985942168,750.0284564766874
$ABU/SOL,1602170.071323,6.535813852,131.03411858739182,856.4146073480862
SOL/DANNY,9.9,1567864.872394,134.6884353289148,1333.4155097562566
DANNY/SOL,783932.436197,5.056029147,134.60439031200264,680.5637207316498
DANNY/SOL,783932.436197,5.527525094,134.60439031200264,744.029145212165
SOL/BIZ,4.95,3117976.006205,134.457453768547,665.5643961543077
SOL/BIZ,4.95,2335167.870979,134.11969962778045,663.8925131575132
BIZ/SOL,5453143.877184,10.506992413,134.47074636385273,1412.883111815448
SOL/HawkTuah,24.75,164047.956878,134.1347284855232,3319.8345300166993
HawkTuah/SOL,82023.978439,15.568717763,134.0842991277439,2087.5206095695116
HawkTuah/SOL,82023.978439,15.745264623,134.0842991277439,2111.192771555816
SOL/HIDE,4.95,12855382.707017,134.36218557779202,665.0928186100705
HIDE/SOL,12855382.707017,3.202520179,134.36218557779202,430.2976106074217
SOL/MEBA,19.8,967065.916368,134.91534628214018,2671.3238563863756
MEBA/SOL,967065.916368,4.308509361,134.2462204035914,578.4010972877427
SOL/KITTY,4.95,2713160.489089,134.9322938909877,667.9148547603891
SOL/KITTY,4.95,3709093.313971,134.89750889108,667.742669010846
KITTY/SOL,6422253.80306,10.436007382,135.1962409663405,1410.9089687433802
SOL/STARDOG,29.7,2652912.98944,130.22244579483478,3867.6066401065927
SOL/STARDOG,19.8,1858566.822707,131.75300624424875,2608.7095236361256
STARDOG/SOL,1858566.822707,21.954655846,130.23800571444104,2859.3305935299345
SOL/Fendi,4.95,6833922.744753,131.01938590416606,648.545960225622
Fendi/SOL,6833922.744753,5.730447169,130.8703755267254,749.9457729430904
SOL/ITTY,9.9,1652185.02709,130.9676350644762,1296.5795871383145
ITTY/SOL,1652185.02709,7.914974898,131.26044366370272,1038.92311669855
SOL/ZAZA,4.95,2261363.880361,132.56644639988804,656.2039096794458
ZAZA/SOL,2261363.880361,5.150651526,132.72996330275078,683.6457880312373
SOL/FrogCat,9.9,640341.49272,133.0225467993673,1316.9232133137361
FrogCat/SOL,640341.49272,10.184129224,132.7402648223774,1351.844010179073
SOL/Billy2,4.95,9621129.136149,133.2087015928111,659.383072884415
SOL/Billy2,4.95,5881918.677358,132.86183117478868,657.6660643152039
Billy2/SOL,9621129.136149,2.459391891,133.28382004547547,327.7971462213456
Billy2/SOL,5881918.677358,2.999612577,132.86183117478868,398.53401979514683
SOL/KITSUNE,9.9,2315694.42446927,134.43339669307142,1330.890627261407
KITSUNE/SOL,2315694.42446927,5.401087822,134.4433417254395,726.1402957422557
NCAT/SOL,247577.673096,13.953440667,134.62735618210584,1878.5148266420897
NCAT/SOL,247577.673096,20.054490945,132.5281609494684,2657.784803718617
NCAT/SOL,495155.346191,34.863653959,137.78615179803373,4803.728716628893
SOL/Moka,4.95,3235410.884001,136.47541381462662,675.5532983824017
PIGGIE/SOL,3011519.441698,1.602198086,135.4993036038251,217.0967248883815
PIGGIE/SOL,3011519.441697,2.118207428,135.3276403993842,286.65201310768845
SOL/MAGA,9.9,821096.934839,141.33632933135132,1399.2296603803782
MAGA/SOL,821096.934839,3.13362017,136.94858908621248,429.1448610135973
SOL/bicho,4.95,110165.990665,133.95840677208938,663.0941135218425
SOL/bicho,4.95,99646.813609,133.42027288440866,660.4303507778229
SOL/bicho,4.95,99649.627184,134.2198572422656,664.3882933492147
SOL/bicho,4.95,91704.181214,134.30159285105904,664.7928846127422
SOL/bicho,4.95,88439.062802,134.07025670845186,663.6477707068368
SOL/bicho,4.95,82098.358349,134.27677065147205,664.6700147247867
bicho/SOL,285852.016912,7.294044841,136.88670284202342,998.457748666361
bicho/SOL,285852.016911,7.420482736,136.88670284202342,1015.765415227197
SOL/DOGLY,4.95,1661405.613476,132.53780328751074,656.0621262731781
DOGLY/SOL,1661405.613476,5.956863828,133.0974648258637,792.8434738196898
willy/SOL,3057270.914969,3.470481384,145.64782016639927,505.46804850766847
willy/SOL,3057270.914968,4.421967787,145.75279491578044,644.5141639827984
UNO/SOL,14493675.703728,5.473028982,145.78387909607875,797.879395401223
SOL/NIGGY,9.9,2654484.682895,145.425694025815,1439.7143708555686
NIGGY/SOL,2654484.682895,9.166376324,145.93616170027127,1337.7057774248021
SOL/FLOCKA,4.95,136343.736918,147.35303894346285,729.3975427701412
FLOCKA/SOL,68171.868459,6.023776957,147.42116743241547,888.0322313534232
FLOCKA/SOL,68171.868459,6.022631055,147.26097130080666,886.8984989457019
SOL/HT,7.92,2128591.273227,147.03925673556614,1164.5509133456837
HT/SOL,2128591.273227,9.845531934,147.69365712455897,1454.122617669092
SOL/SOL²,4.95,2251123.554667,146.98402042067062,727.5709010823196
SOL²/SOL,2251123.554667,6.473296169,147.03925673556614,951.8286573189478
Z²/SOL,9378858.852117,3.278882339,147.06373032656828,482.20466807524343
MCGA/SOL,1106572.322685,7.654199212,148.34494104235947,1135.4617308306142
MCGA/SOL,431441.354439,0.68655389,148.39089399809902,101.87834551497254
MCGA/SOL,7376336.814862,2.979097569,148.07459758923957,441.1286737087569
NOOT/SOL,6056651.400831,1.67164566,147.31761440513193,246.26285076189228
SOL/MATRIX,4.95,153839.701853,145.3263466447874,719.3654158916977
SOL/MATRIX,9.9,451428.458113,145.3463044668755,1438.9284142220674
MATRIX/SOL,148073.547467,3.983029246,145.35016025310418,578.9339391989007
MATRIX/SOL,148073.547466,5.398560505,145.40226294189517,784.9629140557404
MATRIX/SOL,309121.065033,10.288182218,145.33910421663379,1495.2751875816205
SOL/catinbag,2.97,5601074.382726,144.89988324823912,430.3526532472702
catinbag/SOL,5601074.382726,3.439081702,144.6553978114523,497.48173170889646
SOL/TRUMP,2.97,8398493.554894,143.64855354693947,426.63620403441024
TRUMP/SOL,8398493.554894,3.255253985,143.8500744048419,468.2685279489081
SOL/Clumsi,4.95,4167555.822229,140.48645225854352,695.4079386797905
Clumsi/SOL,4167555.822229,6.061067063,140.0266836299563,848.7111200906494
SOL/Genie,9.9,245805.892876,147.88176836820858,1464.0295068452651
SOL/Genie,9.9,257168.943042,146.99575052548198,1455.2579302022716
Genie/SOL,502974.835918,12.355239128,146.08913612645415,1804.9662108452846
SOL/Uno,4.95,2475076.337048,147.31633040965065,729.2158355277708
Uno/SOL,2475076.337048,2.454239635,147.74446308093187,362.6003171450172
SOL/DADDYDILL,4.95,2348947.396538,148.78773574744324,736.4992919498441
DADDYDILL/SOL,2348947.396538,4.996953602,148.78117151679095,743.4526109206083
SOL/PAULYSHORE,4.95,8849122.070323244,148.7997200821799,736.5586144067905
PAULYSHORE/SOL,8849122.070323244,5.561638786,148.78117151679095,827.4671341343029
SHORE/SOL,10230493.448349,12.213636998,148.7997200821799,1817.385766487756
SOL/MARY,4.95,1786272.198193,152.5475914384716,755.1105776204345
MARY/SOL,1786272.198193,5.548621502,152.5475914384716,846.4288459338146
SOL/SPIKE,9.9,280857.668309,151.1163754964792,1496.0521174151443
SOL/SPIKE,9.9,297011.23084,150.3055313070199,1488.024759939497
SOL/SPIKE,9.9,316709.753296,149.96654032264468,1484.6687491941823
SOL/SPIKE,9.9,298645.926277,150.0266054502937,1485.2633939579075
SOL/SPIKE,9.9,269986.631596,150.2375226118178,1487.3514738569963
SPIKE/SOL,1463211.210318,46.131324759,151.5154804951548,6989.609836737916
SOL/SQUIRT,7.92,6245436.412228,150.0266054502937,1188.210715166326
SQUIRT/SOL,6245436.412228,1.483374621,149.96654032264468,222.45655991378428